{
  "size_h": 512,
  "size_w": 352,
  "arch": "hybrid",
  "val_acc_checkpoint": 0.6917293233082706,
  "val_metrics": {
    "acc": 0.6917293233082706,
    "auc": 0.6707372229760291,
    "precision": 1.0,
    "recall": 0.3787878787878788,
    "f1": 0.5494505494505495,
    "confusion_matrix": [
      [
        67,
        0
      ],
      [
        41,
        25
      ]
    ]
  },
  "test_loss": 0.6402437205346215,
  "test_acc": 0.6423841063549977,
  "test_metrics": {
    "acc": 0.6423841059602649,
    "auc": 0.6468421052631578,
    "precision": 0.9230769230769231,
    "recall": 0.3157894736842105,
    "f1": 0.47058823529411764,
    "confusion_matrix": [
      [
        73,
        2
      ],
      [
        52,
        24
      ]
    ]
  }
}