{
  "size_h": 512,
  "size_w": 352,
  "arch": "vit",
  "val_acc_checkpoint": 0.6466165413533834,
  "val_metrics": {
    "acc": 0.6466165413533834,
    "auc": 0.6229081863410222,
    "precision": 0.6557377049180327,
    "recall": 0.6060606060606061,
    "f1": 0.6299212598425197,
    "confusion_matrix": [
      [
        46,
        21
      ],
      [
        26,
        40
      ]
    ]
  },
  "test_loss": 0.7199281197510018,
  "test_acc": 0.6158940401298321,
  "test_metrics": {
    "acc": 0.6158940397350994,
    "auc": 0.588859649122807,
    "precision": 0.6323529411764706,
    "recall": 0.5657894736842105,
    "f1": 0.5972222222222222,
    "confusion_matrix": [
      [
        50,
        25
      ],
      [
        33,
        43
      ]
    ]
  }
}