{
  "size_h": 512,
  "size_w": 352,
  "arch": "cnn",
  "val_acc_checkpoint": 0.9924812030075187,
  "val_metrics": {
    "acc": 0.9924812030075187,
    "auc": 0.9966078697421981,
    "precision": 1.0,
    "recall": 0.9848484848484849,
    "f1": 0.9923664122137404,
    "confusion_matrix": [
      [
        67,
        0
      ],
      [
        1,
        65
      ]
    ]
  },
  "test_loss": 0.26144290917745533,
  "test_acc": 0.9668874172185431,
  "test_metrics": {
    "acc": 0.9668874172185431,
    "auc": 0.9971929824561403,
    "precision": 0.9733333333333334,
    "recall": 0.9605263157894737,
    "f1": 0.9668874172185431,
    "confusion_matrix": [
      [
        73,
        2
      ],
      [
        3,
        73
      ]
    ]
  }
}